filename,reason
fdb2ff6bc973aa53c7a26e1c84d2c73c5ca7b5b6039805a52b1e45f7c919c858.wasm,Error:1:503 'ActiveXObject' is not defined
0ddb41d167fe62c5a1ccf2a783d27a54c38f68d0466c41d6b84ba2b78746b538.wasm,Error:1:1147 'ActiveXObject' is not defined
426e44e4c59eab5caeb33b5f0ab569c54fcba00a88def98a0ffacc0eedc59ad5.wasm,Error:2:20 'ActiveXObject' is not defined
c56b0a3ef4ee4152732305001c27485fa602aec2243ba238c729c049b94c8517.wasm,Error:2:24 'ActiveXObject' is not defined
d4aed31209386aa808411ba641dadd0fd33a895cac05f1700468e9853cfc1cd9.wasm,Error:1:442 'ActiveXObject' is not defined
28a97abb899a7f3daf938ba7b89c32e08dec0cfcdd8d3d478cd97cb5e955e08a.wasm,Error:1:519 'ActiveXObject' is not defined
de28be21a2317222e29aba5e7796ba45590674b864f3058f7839e447f5be6991.wasm,Error:2:23 'ActiveXObject' is not defined
1376e2994822a7fc817e50442597a2e1ef8ecb4e684992f6a890028e55f2b916.wasm,Error:1:8221 'WScript' is not defined
14ba8ae66ed1432adbcc5960be437b826af7ffb9eacde05f97cce176a3dd1b1b.wasm,Error:20:16 'WSH' is not defined
e65ce3a0a794d29433f6a5bd6b0e75890191f6b227a8a0605b13c530e38805bc.wasm,Error:1:1055 'ActiveXObject' is not defined
364cc68c3148bf4509aac0afed0a5b6daff7e9c39b14349e662095b7c86dde0f.wasm,Error:2:26 'ActiveXObject' is not defined
5b9a611f5ca531f0794cf9601360e1414c72079689ce107c2ebf4c5bb6fc5f8d.wasm,Error:2:19 'ActiveXObject' is not defined
16b4696932ba35ea1840d7b8145bcc48550447c7880ae0c4148637d9b813b4ea.wasm,Error:1:1 'aWV4IChpd3IgaHR0cDovL3NpZ25pbi5jbG91ZGRvbWFpbnNlcnZpY2UuY29tL2EudHh0IC1Vc2VC' is not defined
923b51a8e59ac5dc4db026988ec3f205f21cbb6590cd14b0e68b9cb0d8114ad7.wasm,Error:2:22 'ActiveXObject' is not defined
da135dbe63cea0a7437a04319e45dbdbffd22b1c27dc2c50d334a3117af6bb1a.wasm,Error:2:18 'ActiveXObject' is not defined
6de8ad4182f78d8a1735e8775e91afb7cabc2e489347ef0d5e0b5d855377e95c.wasm,Error:1:569 'ActiveXObject' is not defined
ea0d066ebf9c3ce8655319599cf1651988b7622371178730216b519a31ac2246.wasm,Error:1:20 'ActiveXObject' is not defined
2899208ee77af2f7505c9df3e2622f133086523b8a463f3fe7e5fdbaabdddef2.wasm,Error:1:24814 'window' is not defined
554ddcf3fa2e705acf26366e8f81165c94f38a51d3e159a7f25666ae7e166c97.wasm,Error:2:21 'ActiveXObject' is not defined
92660c42d00756bde10298b486e64445d8de7e8e973f0a20938af3f3bb7cb42c.wasm,Error:8073:575830 'ActiveXObject' is not defined
d49b8af9259923b75fbd0445b804ab36eefdbbbb5b536b0158f8183371d2ae75.wasm,Error:12:15 'WScript' is not defined
754f5387e3aa9ce3cb70c439f7085deed8820e3b5b929e1da747f995d19398a5.wasm,Error:1:559 'ActiveXObject' is not defined
e8e57c628046b72fb5240879e62493d4af8ad86a2633c6b38381ff750278b5db.wasm,Error:1:5851 'WScript' is not defined
f701462f86d070b096c213dc2d3ee698a01639037c9c511a71f086ea3c1593f5.wasm,Error:1:17 'require' is not defined
9bf02de6daa7050053fecedce07fd73aa8b5406ff9fc63d3fd806b8a6e4f0384.wasm,Error:20:16 'WSH' is not defined
dc7d0427f01e02a7752db8ac7aa6f77caf8dc83896b74b3cf6999fcba3288020.wasm,Error:1:31 'SPovXOEmoGgdQojqIlBTZlqjJIC' is not defined
1d569e908a20dfa7b575fed3bfe8579c28a618863989bd442523491cd4c6228d.wasm,Error:2:26 'ActiveXObject' is not defined
46d62892a604dbe0d4a7dc04f8474c390420dbd2e4e1d893cce5b17b524f50af.wasm,Error:2060:576857 'ActiveXObject' is not defined
8044220d34e77501df4a9831ac27802261ea2309f104bb49ac00301df36dee72.wasm,Error:7804:65987 'ActiveXObject' is not defined
e60e527d07220d6220935a9d47478d2bf9cc550b7a32e9944ea44e32d9e3aa8f.wasm,Error:1:32 'jJNpjLIClzaAJnWXbwAuLXbeSdnS' is not defined
46dce55154151ff0442aacf8fa6c4992128991ac5f404b8774514f7b5a2cca84.wasm,Error:2:26 'ActiveXObject' is not defined
9690ebb923acd798749d7bc2d1cee17d7c1899cf696558e440ecd2482907fddc.wasm,Error:2:20 'ActiveXObject' is not defined
a6f004278cbe0c84fe811c8ddb9022ae8b7a695d83660e11357f3f1d24eba442.wasm,Error:1:746 'ActiveXObject' is not defined
2e2b3b66961445c504f5558624aa96b609a9860d2f22d88746d2f55bbb3769a0.wasm,Error:65:13 'window' is not defined
0a2b59698651ff2b7b94bc9b41fd04482eb5a2e78242227caf3c59c7ce21284b.wasm,Error:1:20 'iKYalBtKskjhcVML' is not defined
f917f31216deb0765e687fed60323e7b6a317002febb1e2b0b6999baff8690ba.wasm,Error:1:21 'iFTwoqQhBMtPCDYwS' is not defined
8088784a924870c55896833073ab4941a4cb55bee5ddfb90fb5638d07302ac9c.wasm,Error:2:21 'ActiveXObject' is not defined
ad0bd346d93e5c9b3d8b6c3513406ba3eee0dbc2f8f60730fa1496ee0c8be2ce.wasm,Error:1:24814 'window' is not defined
b591c820d8a656f933ddd94cd3243869043a36ef8d186316335449c1f3cc1f60.wasm,Error:1:491 'ActiveXObject' is not defined
7f38be2593e003aaac7adcd4ee19587d85f62b32821cad87ca784f5abf1269e6.wasm,Error:1:34 'sBSQhiikZVquoJeHamAcYGMChTdBCp' is not defined
5142dcace68939f97e84a5e5cc8f039d17b5590528acb8b2eccedaddb943dae4.wasm,Error:1:2947 'ActiveXObject' is not defined
8d06f8c4a583736bb005216551a0e9a146d50afe8bdf0cf2ab1e37aceb98c4bf.wasm,Error:1:27 'fBfIsbNwuAmbsblQaVPTWsr' is not defined
88fc9e9bbaf65fe3c0ca642fc83bb3e38fc84adf74cb268117da258da2980376.wasm,Error:1:11 'ActiveXObject' is not defined
